degree, Cluster[1], Cluster[2], Cluster[3], THRESHOLD
1, 0.16666666666666663, 0.16666666666666652, 0.833333333333333, 0.1
2, 0.0, 0.0, 0.0, 0.1

neighbourtypes, Cluster[1], Cluster[2], Cluster[3], THRESHOLD
1, 0.16000000000000003, 0.3611111111111111, 8.0, 0.1
2, 0.0, 0.0, 0.0, 0.1

